bordindx,st1st2, milemark, lat, long, st1, st2,
1 ,AL-FL ,0 ,31 ,85.002 ,01 ,12 ,
1 ,AL-FL ,153.55 ,30.997 ,87.598 ,01 ,12 ,
1 ,AL-FL ,164.1 ,30.846 ,87.625 ,01 ,12 ,
1 ,AL-FL ,182.99 ,30.655 ,87.397 ,01 ,12 ,
1 ,AL-FL ,196.11 ,30.466 ,87.426 ,01 ,12 ,
2 ,AL-GA ,0 ,34.984 ,85.605 ,01 ,13 ,
2 ,AL-GA ,148.29 ,32.864 ,85.184 ,01 ,13 ,
2 ,AL-GA ,181.15 ,32.426 ,84.964 ,01 ,13 ,
2 ,AL-GA ,188.45 ,32.326 ,85.006 ,01 ,13 ,
2 ,AL-GA ,196.62 ,32.261 ,84.889 ,01 ,13 ,
2 ,AL-GA ,210.07 ,32.133 ,85.062 ,01 ,13 ,
2 ,AL-GA ,230.75 ,31.84 ,85.141 ,01 ,13 ,
2 ,AL-GA ,252.4 ,31.538 ,85.041 ,01 ,13 ,
2 ,AL-GA ,276.87 ,31.188 ,85.108 ,01 ,13 ,
2 ,AL-GA ,291.26 ,31 ,85.002 ,01 ,13 ,
3 ,AL-MS ,0 ,30.348 ,88.394 ,01 ,28 ,
3 ,AL-MS ,106.72 ,31.894 ,88.473 ,01 ,28 ,
3 ,AL-MS ,164.87 ,32.732 ,88.37 ,01 ,28 ,
3 ,AL-MS ,165.94 ,32.747 ,88.368 ,01 ,28 ,
3 ,AL-MS ,314.71 ,34.892 ,88.097 ,01 ,28 ,
3 ,AL-MS ,323.89 ,34.995 ,88.2 ,01 ,28 ,
4 ,AL-TN ,0 ,34.995 ,88.2 ,01 ,47 ,
4 ,AL-TN ,146.7 ,34.984 ,85.605 ,01 ,47 ,
5 ,AR-LA ,0 ,33.019 ,94.042 ,05 ,22 ,
5 ,AR-LA ,166.47 ,33.004 ,91.166 ,05 ,22 ,
6 ,AR-MO ,0 ,36.001 ,89.733 ,05 ,29 ,
6 ,AR-MO ,35.95 ,35.996 ,90.377 ,05 ,29 ,
6 ,AR-MO ,63.34 ,36.303 ,90.064 ,05 ,29 ,
6 ,AR-MO ,77.62 ,36.497 ,90.151 ,05 ,29 ,
6 ,AR-MO ,113.03 ,36.499 ,90.789 ,05 ,29 ,
6 ,AR-MO ,113.76 ,36.499 ,90.802 ,05 ,29 ,
6 ,AR-MO ,325.35 ,36.499 ,94.617 ,05 ,29 ,
7 ,AR-MS ,0 ,33.004 ,91.166 ,05 ,28 ,
7 ,AR-MS ,4.59 ,33.059 ,91.121 ,05 ,28 ,
7 ,AR-MS ,11.08 ,33.125 ,91.201 ,05 ,28 ,
7 ,AR-MS ,17.39 ,33.136 ,91.093 ,05 ,28 ,
7 ,AR-MS ,27.35 ,33.275 ,91.043 ,05 ,28 ,
7 ,AR-MS ,33.28 ,33.301 ,91.141 ,05 ,28 ,
7 ,AR-MS ,44.56 ,33.449 ,91.059 ,05 ,28 ,
7 ,AR-MS ,51.67 ,33.378 ,91.148 ,05 ,28 ,
7 ,AR-MS ,55.68 ,33.407 ,91.209 ,05 ,28 ,
7 ,AR-MS ,62.27 ,33.473 ,91.125 ,05 ,28 ,
7 ,AR-MS ,68.85 ,33.437 ,91.231 ,05 ,28 ,
7 ,AR-MS ,77.39 ,33.561 ,91.23 ,05 ,28 ,
7 ,AR-MS ,83.99 ,33.607 ,91.129 ,05 ,28 ,
7 ,AR-MS ,91.83 ,33.69 ,91.222 ,05 ,28 ,
7 ,AR-MS ,102.47 ,33.681 ,91.037 ,05 ,28 ,
7 ,AR-MS ,109.2 ,33.726 ,91.14 ,05 ,28 ,
7 ,AR-MS ,118.86 ,33.783 ,90.986 ,05 ,28 ,
7 ,AR-MS ,132.91 ,33.967 ,91.09 ,05 ,28 ,
7 ,AR-MS ,144.85 ,34.026 ,90.893 ,05 ,28 ,
7 ,AR-MS ,154.57 ,34.164 ,90.927 ,05 ,28 ,
7 ,AR-MS ,161.35 ,34.159 ,90.809 ,05 ,28 ,
7 ,AR-MS ,170.35 ,34.238 ,90.934 ,05 ,28 ,
7 ,AR-MS ,175.71 ,34.207 ,90.848 ,05 ,28 ,
7 ,AR-MS ,187.64 ,34.364 ,90.762 ,05 ,28 ,
7 ,AR-MS ,194.31 ,34.314 ,90.661 ,05 ,28 ,
7 ,AR-MS ,203.03 ,34.418 ,90.573 ,05 ,28 ,
7 ,AR-MS ,221.73 ,34.689 ,90.569 ,05 ,28 ,
7 ,AR-MS ,226.56 ,34.624 ,90.535 ,05 ,28 ,
7 ,AR-MS ,232.46 ,34.684 ,90.461 ,05 ,28 ,
7 ,AR-MS ,238.75 ,34.711 ,90.567 ,05 ,28 ,
7 ,AR-MS ,243.97 ,34.785 ,90.547 ,05 ,28 ,
7 ,AR-MS ,249.98 ,34.737 ,90.459 ,05 ,28 ,
7 ,AR-MS ,260.7 ,34.892 ,90.464 ,05 ,28 ,
7 ,AR-MS ,270.18 ,34.848 ,90.306 ,05 ,28 ,
7 ,AR-MS ,276.59 ,34.924 ,90.241 ,05 ,28 ,
7 ,AR-MS ,282.78 ,34.995 ,90.308 ,05 ,28 ,
8 ,AR-OK ,0 ,36.499 ,94.617 ,05 ,40 ,
8 ,AR-OK ,76.66 ,35.398 ,94.431 ,05 ,40 ,
8 ,AR-OK ,198.23 ,33.637 ,94.485 ,05 ,40 ,
9 ,AR-TN ,0 ,34.995 ,90.308 ,05 ,47 ,
9 ,AR-TN ,16.97 ,35.139 ,90.065 ,05 ,47 ,
9 ,AR-TN ,27.13 ,35.265 ,90.16 ,05 ,47 ,
9 ,AR-TN ,28.08 ,35.277 ,90.168 ,05 ,47 ,
9 ,AR-TN ,37.06 ,35.386 ,90.08 ,05 ,47 ,
9 ,AR-TN ,42.6 ,35.421 ,90.169 ,05 ,47 ,
9 ,AR-TN ,51.95 ,35.429 ,90.002 ,05 ,47 ,
9 ,AR-TN ,60.32 ,35.547 ,90.04 ,05 ,47 ,
9 ,AR-TN ,67.63 ,35.514 ,89.916 ,05 ,47 ,
9 ,AR-TN ,73.43 ,35.592 ,89.955 ,05 ,47 ,
9 ,AR-TN ,79.99 ,35.639 ,89.853 ,05 ,47 ,
9 ,AR-TN ,88.49 ,35.729 ,89.957 ,05 ,47 ,
9 ,AR-TN ,103.51 ,35.814 ,89.71 ,05 ,47 ,
9 ,AR-TN ,110.32 ,35.909 ,89.742 ,05 ,47 ,
9 ,AR-TN ,116.02 ,35.892 ,89.642 ,05 ,47 ,
9 ,AR-TN ,125.07 ,36.001 ,89.733 ,05 ,47 ,
10 ,AR-TX ,0 ,33.637 ,94.485 ,05 ,48 ,
10 ,AR-TX ,8.56 ,33.545 ,94.386 ,05 ,48 ,
10 ,AR-TX ,28.27 ,33.551 ,94.043 ,05 ,48 ,
10 ,AR-TX ,65 ,33.019 ,94.042 ,05 ,48 ,
11 ,AZ-CA ,0 ,35.001 ,114.632 ,04 ,06 ,
11 ,AZ-CA ,40.19 ,34.456 ,114.384 ,04 ,06 ,
11 ,AZ-CA ,59.99 ,34.261 ,114.129 ,04 ,06 ,
11 ,AZ-CA ,79.5 ,34.106 ,114.415 ,04 ,06 ,
11 ,AZ-CA ,92.98 ,33.937 ,114.533 ,04 ,06 ,
11 ,AZ-CA ,119.43 ,33.554 ,114.524 ,04 ,06 ,
11 ,AZ-CA ,134.82 ,33.406 ,114.723 ,04 ,06 ,
11 ,AZ-CA ,141.83 ,33.304 ,114.73 ,04 ,06 ,
11 ,AZ-CA ,156.83 ,33.088 ,114.706 ,04 ,06 ,
11 ,AZ-CA ,168.96 ,33.024 ,114.51 ,04 ,06 ,
11 ,AZ-CA ,181.56 ,32.845 ,114.469 ,04 ,06 ,
11 ,AZ-CA ,198.44 ,32.719 ,114.718 ,04 ,06 ,
12 ,AZ-CO ,0 ,36.999 ,109.044 ,04 ,08 ,
13 ,AZ-NM ,0 ,36.999 ,109.044 ,04 ,35 ,
13 ,AZ-NM ,68.75 ,36.002 ,109.045 ,04 ,35 ,
13 ,AZ-NM ,140.7 ,34.96 ,109.045 ,04 ,35 ,
13 ,AZ-NM ,390.99 ,31.332 ,109.049 ,04 ,35 ,
14 ,AZ-NV ,0 ,37 ,114.049 ,04 ,32 ,
14 ,AZ-NV ,55.63 ,36.194 ,114.045 ,04 ,32 ,
14 ,AZ-NV ,70.96 ,36.016 ,114.21 ,04 ,32 ,
14 ,AZ-NV ,83.33 ,36.142 ,114.369 ,04 ,32 ,
14 ,AZ-NV ,103.94 ,36.103 ,114.735 ,04 ,32 ,
14 ,AZ-NV ,124.62 ,35.804 ,114.71 ,04 ,32 ,
14 ,AZ-NV ,125.79 ,35.79 ,114.698 ,04 ,32 ,
14 ,AZ-NV ,168.49 ,35.181 ,114.568 ,04 ,32 ,
14 ,AZ-NV ,181.37 ,35.001 ,114.632 ,04 ,32 ,
15 ,AZ-UT ,0 ,36.999 ,109.044 ,04 ,49 ,
15 ,AZ-UT ,275.79 ,37 ,114.049 ,04 ,49 ,
16 ,CA-NV ,0 ,35.001 ,114.632 ,06 ,32 ,
16 ,CA-NV ,194.99 ,36.972 ,117.166 ,06 ,32 ,
16 ,CA-NV ,401.5 ,39 ,120 ,06 ,32 ,
16 ,CA-NV ,608.18 ,41.995 ,119.998 ,06 ,32 ,
17 ,CA-OR ,0 ,41.995 ,119.998 ,06 ,41 ,
17 ,CA-OR ,216.27 ,41.998 ,124.215 ,06 ,41 ,
18 ,CO-KS ,0 ,40.003 ,102.051 ,08 ,20 ,
18 ,CO-KS ,207.67 ,36.993 ,102.041 ,08 ,20 ,
19 ,CO-NE ,0 ,40.003 ,102.051 ,08 ,31 ,
19 ,CO-NE ,68.95 ,41.002 ,102.051 ,08 ,31 ,
19 ,CO-NE ,173.19 ,41.001 ,104.053 ,08 ,31 ,
20 ,CO-NM ,0 ,36.999 ,109.044 ,08 ,35 ,
20 ,CO-NM ,333 ,37 ,103.001 ,08 ,35 ,
21 ,CO-OK ,0 ,37 ,103.001 ,08 ,40 ,
21 ,CO-OK ,52.89 ,36.993 ,102.041 ,08 ,40 ,
22 ,CO-UT ,0 ,41 ,109.049 ,08 ,49 ,
22 ,CO-UT ,276.11 ,36.999 ,109.044 ,08 ,49 ,
23 ,CO-WY ,0 ,41.001 ,104.053 ,08 ,56 ,
23 ,CO-WY ,260.18 ,41 ,109.049 ,08 ,56 ,
24 ,CT-MA ,0 ,42.008 ,71.8 ,09 ,25 ,
24 ,CT-MA ,86.53 ,42.049 ,73.488 ,09 ,25 ,
25 ,CT-NY ,0 ,42.049 ,73.488 ,09 ,36 ,
25 ,CT-NY ,52.17 ,41.295 ,73.551 ,09 ,36 ,
25 ,CT-NY ,58.91 ,41.212 ,73.482 ,09 ,36 ,
25 ,CT-NY ,73.86 ,41.101 ,73.728 ,09 ,36 ,
25 ,CT-NY ,82.26 ,40.991 ,73.659 ,09 ,36 ,
26 ,CT-RI ,0 ,42.008 ,71.8 ,09 ,44 ,
26 ,CT-RI ,40.32 ,41.423 ,71.798 ,09 ,44 ,
27 ,DC-MD ,0 ,38.934 ,77.12 ,11 ,24 ,
27 ,DC-MD ,5.99 ,38.995 ,77.041 ,11 ,24 ,
27 ,DC-MD ,16.03 ,38.892 ,76.909 ,11 ,24 ,
27 ,DC-MD ,24.65 ,38.804 ,77.023 ,11 ,24 ,
28 ,DC-VA ,0 ,38.911 ,77.101 ,11 ,51 ,
28 ,DC-VA ,1.86 ,38.934 ,77.12 ,11 ,51 ,
29 ,DE-MD ,0 ,39.721 ,75.789 ,10 ,24 ,
29 ,DE-MD ,87.21 ,38.46 ,75.693 ,10 ,24 ,
29 ,DE-MD ,119.66 ,38.451 ,75.093 ,10 ,24 ,
29 ,DE-MD ,121.54 ,38.451 ,75.058 ,10 ,24 ,
29 ,DE-MD ,122.01 ,38.451 ,75.049 ,10 ,24 ,
30 ,DE-NJ ,0 ,39.786 ,75.432 ,10 ,34 ,
30 ,DE-NJ ,1.41 ,39.802 ,75.415 ,10 ,34 ,
31 ,DE-PA ,0 ,39.802 ,75.415 ,10 ,42 ,
31 ,DE-PA ,14.76 ,39.807 ,75.693 ,10 ,42 ,
31 ,DE-PA ,16.7 ,39.788 ,75.721 ,10 ,42 ,
31 ,DE-PA ,22.55 ,39.721 ,75.789 ,10 ,42 ,
32 ,FL-GA ,0 ,30.727 ,81.494 ,12 ,13 ,
32 ,FL-GA ,31.26 ,30.791 ,82.016 ,12 ,13 ,
32 ,FL-GA ,60.07 ,30.374 ,82.037 ,12 ,13 ,
32 ,FL-GA ,67.52 ,30.358 ,82.16 ,12 ,13 ,
32 ,FL-GA ,82.35 ,30.568 ,82.215 ,12 ,13 ,
32 ,FL-GA ,239.82 ,30.711 ,84.864 ,12 ,13 ,
32 ,FL-GA ,261.4 ,31 ,85.002 ,12 ,13 ,
33 ,GA-NC ,0 ,35 ,83.108 ,13 ,37 ,
33 ,GA-NC ,68.61 ,34.988 ,84.322 ,13 ,37 ,
34 ,GA-SC ,0 ,32.226 ,81.144 ,13 ,45 ,
34 ,GA-SC ,16.59 ,32.464 ,81.186 ,13 ,45 ,
34 ,GA-SC ,34.19 ,32.628 ,81.418 ,13 ,45 ,
34 ,GA-SC ,60.89 ,33.01 ,81.495 ,13 ,45 ,
34 ,GA-SC ,78.49 ,33.147 ,81.751 ,13 ,45 ,
34 ,GA-SC ,96.06 ,33.347 ,81.94 ,13 ,45 ,
34 ,GA-SC ,104.22 ,33.465 ,81.929 ,13 ,45 ,
34 ,GA-SC ,153.05 ,33.945 ,82.557 ,13 ,45 ,
34 ,GA-SC ,193.86 ,34.474 ,82.877 ,13 ,45 ,
34 ,GA-SC ,223.94 ,34.682 ,83.342 ,13 ,45 ,
34 ,GA-SC ,249.57 ,35 ,83.108 ,13 ,45 ,
35 ,GA-TN ,0 ,34.988 ,84.322 ,13 ,47 ,
35 ,GA-TN ,72.56 ,34.984 ,85.605 ,13 ,47 ,
36 ,IA-MN ,0 ,43.501 ,91.217 ,19 ,27 ,
36 ,IA-MN ,262.05 ,43.5 ,96.453 ,19 ,27 ,
37 ,IA-MO ,0 ,40.585 ,95.765 ,19 ,29 ,
37 ,IA-MO ,211.46 ,40.614 ,91.728 ,19 ,29 ,
37 ,IA-MO ,230.11 ,40.403 ,91.505 ,19 ,29 ,
37 ,IA-MO ,230.47 ,40.4 ,91.5 ,19 ,29 ,
37 ,IA-MO ,234.99 ,40.378 ,91.419 ,19 ,29 ,
38 ,IA-NE ,0 ,42.489 ,96.443 ,19 ,31 ,
38 ,IA-NE ,22.78 ,42.167 ,96.347 ,19 ,31 ,
38 ,IA-NE ,52.05 ,41.798 ,96.066 ,19 ,31 ,
38 ,IA-NE ,65.47 ,41.608 ,96.116 ,19 ,31 ,
38 ,IA-NE ,65.97 ,41.601 ,96.113 ,19 ,31 ,
38 ,IA-NE ,80.28 ,41.452 ,95.919 ,19 ,31 ,
38 ,IA-NE ,87.84 ,41.346 ,95.957 ,19 ,31 ,
38 ,IA-NE ,93.17 ,41.302 ,95.872 ,19 ,31 ,
38 ,IA-NE ,100.67 ,41.201 ,95.927 ,19 ,31 ,
38 ,IA-NE ,105.42 ,41.177 ,95.841 ,19 ,31 ,
38 ,IA-NE ,124.9 ,40.895 ,95.809 ,19 ,31 ,
38 ,IA-NE ,136.79 ,40.734 ,95.888 ,19 ,31 ,
38 ,IA-NE ,148.93 ,40.585 ,95.765 ,19 ,31 ,
39 ,IA-SD ,0 ,43.5 ,96.453 ,19 ,46 ,
39 ,IA-SD ,7.29 ,43.5 ,96.598 ,19 ,46 ,
39 ,IA-SD ,16.14 ,43.385 ,96.52 ,19 ,46 ,
39 ,IA-SD ,24.79 ,43.269 ,96.585 ,19 ,46 ,
39 ,IA-SD ,37.47 ,43.12 ,96.436 ,19 ,46 ,
39 ,IA-SD ,65.81 ,42.737 ,96.637 ,19 ,46 ,
39 ,IA-SD ,85.56 ,42.489 ,96.443 ,19 ,46 ,
40 ,IA-WI ,0 ,42.508 ,90.64 ,19 ,55 ,
40 ,IA-WI ,9.38 ,42.634 ,90.707 ,19 ,55 ,
40 ,IA-WI ,29.19 ,42.751 ,91.065 ,19 ,55 ,
40 ,IA-WI ,55.67 ,43.125 ,91.178 ,19 ,55 ,
40 ,IA-WI ,66.26 ,43.252 ,91.059 ,19 ,55 ,
40 ,IA-WI ,66.68 ,43.258 ,91.062 ,19 ,55 ,
40 ,IA-WI ,76.48 ,43.353 ,91.206 ,19 ,55 ,
40 ,IA-WI ,86.66 ,43.501 ,91.217 ,19 ,55 ,
41 ,ID-MT ,0 ,44.475 ,111.052 ,16 ,30 ,
41 ,ID-MT ,25.21 ,44.755 ,111.383 ,16 ,30 ,
41 ,ID-MT ,35.24 ,44.643 ,111.514 ,16 ,30 ,
41 ,ID-MT ,42.59 ,44.541 ,111.471 ,16 ,30 ,
41 ,ID-MT ,82.6 ,44.569 ,112.284 ,16 ,30 ,
41 ,ID-MT ,92.14 ,44.45 ,112.383 ,16 ,30 ,
41 ,ID-MT ,111.7 ,44.485 ,112.778 ,16 ,30 ,
41 ,ID-MT ,121.17 ,44.359 ,112.854 ,16 ,30 ,
41 ,ID-MT ,131.03 ,44.453 ,113.004 ,16 ,30 ,
41 ,ID-MT ,154.08 ,44.774 ,113.135 ,16 ,30 ,
41 ,ID-MT ,170.73 ,44.864 ,113.451 ,16 ,30 ,
41 ,ID-MT ,184.14 ,45.058 ,113.45 ,16 ,30 ,
41 ,ID-MT ,202.27 ,45.26 ,113.689 ,16 ,30 ,
41 ,ID-MT ,226.63 ,45.603 ,113.807 ,16 ,30 ,
41 ,ID-MT ,235.54 ,45.696 ,113.937 ,16 ,30 ,
41 ,ID-MT ,260.7 ,45.459 ,114.332 ,16 ,30 ,
41 ,ID-MT ,273.79 ,45.558 ,114.563 ,16 ,30 ,
41 ,ID-MT ,284.44 ,45.704 ,114.495 ,16 ,30 ,
41 ,ID-MT ,290.42 ,45.777 ,114.562 ,16 ,30 ,
41 ,ID-MT ,301.67 ,45.885 ,114.386 ,16 ,30 ,
41 ,ID-MT ,320.95 ,46.147 ,114.525 ,16 ,30 ,
41 ,ID-MT ,325.16 ,46.172 ,114.444 ,16 ,30 ,
41 ,ID-MT ,358.46 ,46.647 ,114.319 ,16 ,30 ,
41 ,ID-MT ,380.04 ,46.7 ,114.769 ,16 ,30 ,
41 ,ID-MT ,426.02 ,47.253 ,115.317 ,16 ,30 ,
41 ,ID-MT ,449.8 ,47.427 ,115.756 ,16 ,30 ,
41 ,ID-MT ,456.85 ,47.48 ,115.627 ,16 ,30 ,
41 ,ID-MT ,464.49 ,47.55 ,115.754 ,16 ,30 ,
41 ,ID-MT ,474.71 ,47.696 ,115.723 ,16 ,30 ,
41 ,ID-MT ,499.25 ,47.978 ,116.047 ,16 ,30 ,
41 ,ID-MT ,569.82 ,49 ,116.048 ,16 ,30 ,
42 ,ID-NV ,0 ,42.002 ,117.024 ,16 ,32 ,
42 ,ID-NV ,153.03 ,41.994 ,114.04 ,16 ,32 ,
43 ,ID-OR ,0 ,45.995 ,116.914 ,16 ,41 ,
43 ,ID-OR ,13.49 ,45.824 ,116.779 ,16 ,41 ,
43 ,ID-OR ,25.71 ,45.752 ,116.547 ,16 ,41 ,
43 ,ID-OR ,36.77 ,45.603 ,116.462 ,16 ,41 ,
43 ,ID-OR ,80.79 ,45.025 ,116.844 ,16 ,41 ,
43 ,ID-OR ,90.76 ,44.881 ,116.855 ,16 ,41 ,
43 ,ID-OR ,105.35 ,44.727 ,117.06 ,16 ,41 ,
43 ,ID-OR ,130.12 ,44.393 ,117.241 ,16 ,41 ,
43 ,ID-OR ,138.68 ,44.273 ,117.196 ,16 ,41 ,
43 ,ID-OR ,155.26 ,44.17 ,116.894 ,16 ,41 ,
43 ,ID-OR ,179.68 ,43.83 ,117.031 ,16 ,41 ,
43 ,ID-OR ,305.79 ,42.002 ,117.024 ,16 ,41 ,
44 ,ID-UT ,0 ,41.994 ,114.04 ,16 ,49 ,
44 ,ID-UT ,153.56 ,42.001 ,111.045 ,16 ,49 ,
45 ,ID-WA ,0 ,48.999 ,117.031 ,16 ,53 ,
45 ,ID-WA ,182.5 ,46.354 ,117.06 ,16 ,53 ,
45 ,ID-WA ,196.98 ,46.168 ,116.921 ,16 ,53 ,
45 ,ID-WA ,203.18 ,46.088 ,116.981 ,16 ,53 ,
45 ,ID-WA ,210.33 ,45.995 ,116.914 ,16 ,53 ,
46 ,ID-WY ,0 ,44.475 ,111.052 ,16 ,56 ,
46 ,ID-WY ,170.71 ,42.001 ,111.045 ,16 ,56 ,
47 ,IL-IA ,0 ,42.508 ,90.64 ,17 ,19 ,
47 ,IL-IA ,14.93 ,42.35 ,90.44 ,17 ,19 ,
47 ,IL-IA ,16.06 ,42.336 ,90.428 ,17 ,19 ,
47 ,IL-IA ,19.35 ,42.288 ,90.427 ,17 ,19 ,
47 ,IL-IA ,19.85 ,42.281 ,90.43 ,17 ,19 ,
47 ,IL-IA ,37.93 ,42.112 ,90.161 ,17 ,19 ,
47 ,IL-IA ,58.95 ,41.808 ,90.181 ,17 ,19 ,
47 ,IL-IA ,83.45 ,41.522 ,90.462 ,17 ,19 ,
47 ,IL-IA ,114.64 ,41.412 ,91.046 ,17 ,19 ,
47 ,IL-IA ,126.85 ,41.242 ,91.113 ,17 ,19 ,
47 ,IL-IA ,139.89 ,41.1 ,90.948 ,17 ,19 ,
47 ,IL-IA ,150.02 ,40.953 ,90.952 ,17 ,19 ,
47 ,IL-IA ,171.52 ,40.67 ,91.123 ,17 ,19 ,
47 ,IL-IA ,188.1 ,40.557 ,91.402 ,17 ,19 ,
47 ,IL-IA ,200.51 ,40.378 ,91.419 ,17 ,19 ,
48 ,IL-IN ,0 ,37.799 ,88.027 ,17 ,18 ,
48 ,IL-IN ,7.95 ,37.901 ,88.097 ,17 ,18 ,
48 ,IL-IN ,12.52 ,37.891 ,88.014 ,17 ,18 ,
48 ,IL-IN ,23.3 ,38.046 ,88.042 ,17 ,18 ,
48 ,IL-IN ,34 ,38.162 ,87.911 ,17 ,18 ,
48 ,IL-IN ,41.75 ,38.256 ,87.988 ,17 ,18 ,
48 ,IL-IN ,49.89 ,38.28 ,87.841 ,17 ,18 ,
48 ,IL-IN ,86.63 ,38.739 ,87.496 ,17 ,18 ,
48 ,IL-IN ,101.32 ,38.952 ,87.512 ,17 ,18 ,
48 ,IL-IN ,116.25 ,39.136 ,87.658 ,17 ,18 ,
48 ,IL-IN ,132.38 ,39.348 ,87.531 ,17 ,18 ,
48 ,IL-IN ,295.54 ,41.712 ,87.524 ,17 ,18 ,
49 ,IL-KY ,0 ,36.982 ,89.133 ,17 ,21 ,
49 ,IL-KY ,6.29 ,37.067 ,89.173 ,17 ,21 ,
49 ,IL-KY ,20.73 ,37.224 ,89 ,17 ,21 ,
49 ,IL-KY ,34.62 ,37.159 ,88.761 ,17 ,21 ,
49 ,IL-KY ,36.35 ,37.145 ,88.735 ,17 ,21 ,
49 ,IL-KY ,52.3 ,37.075 ,88.459 ,17 ,21 ,
49 ,IL-KY ,74.1 ,37.391 ,88.474 ,17 ,21 ,
49 ,IL-KY ,97.49 ,37.488 ,88.065 ,17 ,21 ,
49 ,IL-KY ,110.17 ,37.656 ,88.16 ,17 ,21 ,
49 ,IL-KY ,122.41 ,37.799 ,88.027 ,17 ,21 ,
50 ,IL-MO ,0 ,40.378 ,91.419 ,17 ,29 ,
50 ,IL-MO ,18.13 ,40.125 ,91.51 ,17 ,29 ,
50 ,IL-MO ,46.52 ,39.728 ,91.367 ,17 ,29 ,
50 ,IL-MO ,93.54 ,39.257 ,90.731 ,17 ,29 ,
50 ,IL-MO ,119.64 ,38.888 ,90.625 ,17 ,29 ,
50 ,IL-MO ,130.46 ,38.967 ,90.451 ,17 ,29 ,
50 ,IL-MO ,150.7 ,38.844 ,90.109 ,17 ,29 ,
50 ,IL-MO ,189.19 ,38.326 ,90.373 ,17 ,29 ,
50 ,IL-MO ,197.15 ,38.212 ,90.351 ,17 ,29 ,
50 ,IL-MO ,226.23 ,37.958 ,89.925 ,17 ,29 ,
50 ,IL-MO ,231.77 ,37.88 ,89.949 ,17 ,29 ,
50 ,IL-MO ,237.97 ,37.903 ,89.839 ,17 ,29 ,
50 ,IL-MO ,260.74 ,37.693 ,89.517 ,17 ,29 ,
50 ,IL-MO ,282.54 ,37.387 ,89.421 ,17 ,29 ,
50 ,IL-MO ,292.83 ,37.261 ,89.522 ,17 ,29 ,
50 ,IL-MO ,310.19 ,37.038 ,89.376 ,17 ,29 ,
50 ,IL-MO ,316.68 ,36.989 ,89.276 ,17 ,29 ,
50 ,IL-MO ,322.5 ,37.072 ,89.254 ,17 ,29 ,
50 ,IL-MO ,331.63 ,36.982 ,89.133 ,17 ,29 ,
51 ,IL-WI ,0 ,42.492 ,87.802 ,17 ,55 ,
51 ,IL-WI ,57.87 ,42.495 ,88.94 ,17 ,55 ,
51 ,IL-WI ,144.37 ,42.508 ,90.64 ,17 ,55 ,
52 ,IN-KY ,0 ,39.105 ,84.819 ,18 ,21 ,
52 ,IN-KY ,5.39 ,39.055 ,84.897 ,18 ,21 ,
52 ,IN-KY ,24.55 ,38.785 ,84.813 ,18 ,21 ,
52 ,IN-KY ,44.96 ,38.688 ,85.171 ,18 ,21 ,
52 ,IN-KY ,59.44 ,38.728 ,85.435 ,18 ,21 ,
52 ,IN-KY ,60.59 ,38.715 ,85.447 ,18 ,21 ,
52 ,IN-KY ,73.16 ,38.534 ,85.421 ,18 ,21 ,
52 ,IN-KY ,94.44 ,38.299 ,85.677 ,18 ,21 ,
52 ,IN-KY ,102.68 ,38.278 ,85.826 ,18 ,21 ,
52 ,IN-KY ,120.93 ,38.025 ,85.923 ,18 ,21 ,
52 ,IN-KY ,128.72 ,37.958 ,86.039 ,18 ,21 ,
52 ,IN-KY ,142.75 ,38.056 ,86.266 ,18 ,21 ,
52 ,IN-KY ,153.88 ,38.198 ,86.362 ,18 ,21 ,
52 ,IN-KY ,158.5 ,38.138 ,86.324 ,18 ,21 ,
52 ,IN-KY ,166.03 ,38.121 ,86.46 ,18 ,21 ,
52 ,IN-KY ,179.69 ,37.927 ,86.509 ,18 ,21 ,
52 ,IN-KY ,188.76 ,37.843 ,86.637 ,18 ,21 ,
52 ,IN-KY ,203.28 ,37.999 ,86.816 ,18 ,21 ,
52 ,IN-KY ,225.24 ,37.782 ,87.111 ,18 ,21 ,
52 ,IN-KY ,254.44 ,37.976 ,87.589 ,18 ,21 ,
52 ,IN-KY ,264.37 ,37.833 ,87.613 ,18 ,21 ,
52 ,IN-KY ,281 ,37.928 ,87.893 ,18 ,21 ,
52 ,IN-KY ,289.37 ,37.807 ,87.907 ,18 ,21 ,
52 ,IN-KY ,295.98 ,37.799 ,88.027 ,18 ,21 ,
53 ,IN-MI ,0 ,41.76 ,86.825 ,18 ,26 ,
53 ,IN-MI ,103.92 ,41.76 ,84.806 ,18 ,26 ,
53 ,IN-MI ,108.35 ,41.696 ,84.806 ,18 ,26 ,
54 ,IN-OH ,0 ,41.696 ,84.806 ,18 ,39 ,
54 ,IN-OH ,178.77 ,39.105 ,84.819 ,18 ,39 ,
55 ,KS-MO ,0 ,36.998 ,94.618 ,20 ,29 ,
55 ,KS-MO ,210.3 ,40 ,95.307 ,20 ,29 ,
55 ,KS-MO ,223.09 ,39.874 ,95.13 ,20 ,29 ,
55 ,KS-MO ,233.8 ,39.887 ,94.928 ,20 ,29 ,
55 ,KS-MO ,244.32 ,39.744 ,94.861 ,20 ,29 ,
55 ,KS-MO ,249.7 ,39.741 ,94.962 ,20 ,29 ,
55 ,KS-MO ,265.48 ,39.542 ,95.109 ,20 ,29 ,
55 ,KS-MO ,281.67 ,39.386 ,94.882 ,20 ,29 ,
55 ,KS-MO ,293.96 ,39.213 ,94.827 ,20 ,29 ,
55 ,KS-MO ,307.53 ,39.148 ,94.588 ,20 ,29 ,
56 ,KS-NE ,0 ,40.003 ,102.051 ,20 ,31 ,
56 ,KS-NE ,356.46 ,40 ,95.307 ,20 ,31 ,
57 ,KS-OK ,0 ,36.998 ,94.618 ,20 ,40 ,
57 ,KS-OK ,409.13 ,36.993 ,102.041 ,20 ,40 ,
58 ,KY-MO ,0 ,36.982 ,89.133 ,21 ,29 ,
58 ,KY-MO ,21.83 ,36.666 ,89.159 ,21 ,29 ,
58 ,KY-MO ,29.9 ,36.567 ,89.236 ,21 ,29 ,
58 ,KY-MO ,38.14 ,36.625 ,89.366 ,21 ,29 ,
58 ,KY-MO ,47.28 ,36.499 ,89.417 ,21 ,29 ,
58 ,KY-MO ,51.07 ,36.497 ,89.485 ,21 ,29 ,
58 ,KY-MO ,54.05 ,36.498 ,89.539 ,21 ,29 ,
58 ,KY-MO ,59.85 ,36.582 ,89.53 ,21 ,29 ,
59 ,KY-OH ,0 ,38.421 ,82.594 ,21 ,39 ,
59 ,KY-OH ,17.79 ,38.59 ,82.843 ,21 ,39 ,
59 ,KY-OH ,29.48 ,38.755 ,82.889 ,21 ,39 ,
59 ,KY-OH ,53.88 ,38.596 ,83.293 ,21 ,39 ,
59 ,KY-OH ,68.41 ,38.703 ,83.526 ,21 ,39 ,
59 ,KY-OH ,77.75 ,38.626 ,83.668 ,21 ,39 ,
59 ,KY-OH ,91.98 ,38.761 ,83.869 ,21 ,39 ,
59 ,KY-OH ,110.87 ,38.808 ,84.215 ,21 ,39 ,
59 ,KY-OH ,135.78 ,39.119 ,84.451 ,21 ,39 ,
59 ,KY-OH ,155.53 ,39.105 ,84.819 ,21 ,39 ,
60 ,KY-TN ,0 ,36.498 ,89.539 ,21 ,47 ,
60 ,KY-TN ,2.99 ,36.497 ,89.485 ,21 ,47 ,
60 ,KY-TN ,6.77 ,36.499 ,89.417 ,21 ,47 ,
60 ,KY-TN ,82.44 ,36.497 ,88.053 ,21 ,47 ,
60 ,KY-TN ,94.97 ,36.678 ,88.07 ,21 ,47 ,
60 ,KY-TN ,338.46 ,36.601 ,83.675 ,21 ,47 ,
61 ,KY-VA ,0 ,36.601 ,83.675 ,21 ,51 ,
61 ,KY-VA ,31.58 ,36.745 ,83.133 ,21 ,51 ,
61 ,KY-VA ,39.67 ,36.852 ,83.074 ,21 ,51 ,
61 ,KY-VA ,51.19 ,36.897 ,82.873 ,21 ,51 ,
61 ,KY-VA ,68.76 ,37.121 ,82.721 ,21 ,51 ,
61 ,KY-VA ,119.01 ,37.538 ,81.968 ,21 ,51 ,
62 ,KY-WV ,0 ,37.538 ,81.968 ,21 ,54 ,
62 ,KY-WV ,20.75 ,37.678 ,82.304 ,21 ,54 ,
62 ,KY-WV ,41.13 ,37.93 ,82.5 ,21 ,54 ,
62 ,KY-WV ,45.11 ,37.98 ,82.464 ,21 ,54 ,
62 ,KY-WV ,60.96 ,38.162 ,82.643 ,21 ,54 ,
62 ,KY-WV ,79.07 ,38.421 ,82.594 ,21 ,54 ,
63 ,LA-MS ,0 ,30.216 ,89.604 ,22 ,28 ,
63 ,LA-MS ,34.14 ,30.664 ,89.848 ,22 ,28 ,
63 ,LA-MS ,58.58 ,31.004 ,89.733 ,22 ,28 ,
63 ,LA-MS ,171.16 ,30.999 ,91.637 ,22 ,28 ,
63 ,LA-MS ,177.13 ,31.054 ,91.559 ,22 ,28 ,
63 ,LA-MS ,192.14 ,31.257 ,91.653 ,22 ,28 ,
63 ,LA-MS ,200.51 ,31.278 ,91.513 ,22 ,28 ,
63 ,LA-MS ,210.16 ,31.407 ,91.577 ,22 ,28 ,
63 ,LA-MS ,216.8 ,31.373 ,91.472 ,22 ,28 ,
63 ,LA-MS ,227.59 ,31.524 ,91.521 ,22 ,28 ,
63 ,LA-MS ,235.17 ,31.573 ,91.406 ,22 ,28 ,
63 ,LA-MS ,242.67 ,31.63 ,91.515 ,22 ,28 ,
63 ,LA-MS ,249.27 ,31.619 ,91.403 ,22 ,28 ,
63 ,LA-MS ,258.27 ,31.746 ,91.369 ,22 ,28 ,
63 ,LA-MS ,264.54 ,31.754 ,91.262 ,22 ,28 ,
63 ,LA-MS ,270.47 ,31.76 ,91.363 ,22 ,28 ,
63 ,LA-MS ,276.65 ,31.847 ,91.341 ,22 ,28 ,
63 ,LA-MS ,282.29 ,31.813 ,91.254 ,22 ,28 ,
63 ,LA-MS ,299.32 ,32.011 ,91.08 ,22 ,28 ,
63 ,LA-MS ,305.57 ,32.074 ,91.156 ,22 ,28 ,
63 ,LA-MS ,315.73 ,32.145 ,91.004 ,22 ,28 ,
63 ,LA-MS ,325.27 ,32.134 ,91.167 ,22 ,28 ,
63 ,LA-MS ,329.58 ,32.197 ,91.163 ,22 ,28 ,
63 ,LA-MS ,339.46 ,32.193 ,90.994 ,22 ,28 ,
63 ,LA-MS ,353.29 ,32.367 ,90.877 ,22 ,28 ,
63 ,LA-MS ,360.2 ,32.354 ,90.994 ,22 ,28 ,
63 ,LA-MS ,366.11 ,32.436 ,90.967 ,22 ,28 ,
63 ,LA-MS ,375.25 ,32.481 ,91.115 ,22 ,28 ,
63 ,LA-MS ,379.94 ,32.547 ,91.095 ,22 ,28 ,
63 ,LA-MS ,387.18 ,32.494 ,90.987 ,22 ,28 ,
63 ,LA-MS ,393.14 ,32.543 ,91.072 ,22 ,28 ,
63 ,LA-MS ,400.64 ,32.64 ,91.013 ,22 ,28 ,
63 ,LA-MS ,408.86 ,32.618 ,91.152 ,22 ,28 ,
63 ,LA-MS ,417.89 ,32.719 ,91.053 ,22 ,28 ,
63 ,LA-MS ,425.41 ,32.778 ,91.163 ,22 ,28 ,
63 ,LA-MS ,435.91 ,32.905 ,91.063 ,22 ,28 ,
63 ,LA-MS ,442.19 ,32.989 ,91.105 ,22 ,28 ,
63 ,LA-MS ,449.99 ,32.916 ,91.209 ,22 ,28 ,
63 ,LA-MS ,456.57 ,33.004 ,91.166 ,22 ,28 ,
64 ,LA-TX ,0 ,33.019 ,94.042 ,22 ,48 ,
64 ,LA-TX ,70.85 ,31.992 ,94.041 ,22 ,48 ,
64 ,LA-TX ,90.35 ,31.777 ,93.825 ,22 ,48 ,
64 ,LA-TX ,103.6 ,31.585 ,93.834 ,22 ,48 ,
64 ,LA-TX ,112.52 ,31.509 ,93.712 ,22 ,48 ,
64 ,LA-TX ,147.64 ,31.031 ,93.508 ,22 ,48 ,
64 ,LA-TX ,184.32 ,30.538 ,93.739 ,22 ,48 ,
64 ,LA-TX ,212.15 ,30.137 ,93.691 ,22 ,48 ,
64 ,LA-TX ,222.72 ,29.999 ,93.769 ,22 ,48 ,
65 ,MA-NH ,0 ,42.869 ,70.828 ,25 ,33 ,
65 ,MA-NH ,10.25 ,42.859 ,71.031 ,25 ,33 ,
65 ,MA-NH ,27.7 ,42.697 ,71.295 ,25 ,33 ,
65 ,MA-NH ,86.72 ,42.727 ,72.459 ,25 ,33 ,
66 ,MA-NY ,0 ,42.746 ,73.265 ,25 ,36 ,
66 ,MA-NY ,49.37 ,42.049 ,73.488 ,25 ,36 ,
67 ,MA-RI ,0 ,42.008 ,71.8 ,25 ,44 ,
67 ,MA-RI ,21.46 ,42.018 ,71.381 ,25 ,44 ,
67 ,MA-RI ,38.49 ,41.776 ,71.318 ,25 ,44 ,
67 ,MA-RI ,38.61 ,41.775 ,71.316 ,25 ,44 ,
67 ,MA-RI ,40.31 ,41.763 ,71.287 ,25 ,44 ,
67 ,MA-RI ,40.83 ,41.759 ,71.279 ,25 ,44 ,
67 ,MA-RI ,44.56 ,41.718 ,71.232 ,25 ,44 ,
67 ,MA-RI ,48.13 ,41.674 ,71.195 ,25 ,44 ,
67 ,MA-RI ,51.29 ,41.66 ,71.136 ,25 ,44 ,
67 ,MA-RI ,52.24 ,41.647 ,71.134 ,25 ,44 ,
67 ,MA-RI ,62.62 ,41.496 ,71.121 ,25 ,44 ,
68 ,MA-VT ,0 ,42.727 ,72.459 ,25 ,50 ,
68 ,MA-VT ,40.9 ,42.746 ,73.265 ,25 ,50 ,
69 ,MD-PA ,0 ,39.721 ,75.789 ,24 ,42 ,
69 ,MD-PA ,195.74 ,39.721 ,79.477 ,24 ,42 ,
70 ,MD-VA ,0 ,38.015 ,75.387 ,24 ,51 ,
70 ,MD-VA ,13.53 ,37.979 ,75.632 ,24 ,51 ,
70 ,MD-VA ,47.01 ,37.883 ,76.234 ,24 ,51 ,
70 ,MD-VA ,67.1 ,37.993 ,76.576 ,24 ,51 ,
70 ,MD-VA ,71.92 ,38.042 ,76.512 ,24 ,51 ,
70 ,MD-VA ,80.93 ,38.144 ,76.616 ,24 ,51 ,
70 ,MD-VA ,85.85 ,38.155 ,76.705 ,24 ,51 ,
70 ,MD-VA ,92.1 ,38.065 ,76.691 ,24 ,51 ,
70 ,MD-VA ,100.26 ,38.164 ,76.774 ,24 ,51 ,
70 ,MD-VA ,112.15 ,38.195 ,76.989 ,24 ,51 ,
70 ,MD-VA ,126.67 ,38.4 ,77.05 ,24 ,51 ,
70 ,MD-VA ,143.97 ,38.351 ,77.363 ,24 ,51 ,
70 ,MD-VA ,147.96 ,38.357 ,77.29 ,24 ,51 ,
70 ,MD-VA ,155.02 ,38.438 ,77.37 ,24 ,51 ,
70 ,MD-VA ,159.36 ,38.394 ,77.312 ,24 ,51 ,
70 ,MD-VA ,177.96 ,38.659 ,77.243 ,24 ,51 ,
70 ,MD-VA ,189.45 ,38.72 ,77.045 ,24 ,51 ,
70 ,MD-VA ,202.92 ,38.911 ,77.101 ,24 ,51 ,
70 ,MD-VA ,204.78 ,38.934 ,77.12 ,24 ,51 ,
70 ,MD-VA ,225.65 ,39.077 ,77.463 ,24 ,51 ,
70 ,MD-VA ,231.17 ,39.14 ,77.526 ,24 ,51 ,
70 ,MD-VA ,238.1 ,39.225 ,77.458 ,24 ,51 ,
70 ,MD-VA ,249.17 ,39.307 ,77.636 ,24 ,51 ,
70 ,MD-VA ,249.81 ,39.31 ,77.648 ,24 ,51 ,
70 ,MD-VA ,253.68 ,39.321 ,77.719 ,24 ,51 ,
71 ,MD-WV ,0 ,39.721 ,79.477 ,24 ,54 ,
71 ,MD-WV ,35.82 ,39.202 ,79.473 ,24 ,54 ,
71 ,MD-WV ,62.96 ,39.474 ,79.105 ,24 ,54 ,
71 ,MD-WV ,71.13 ,39.441 ,78.958 ,24 ,54 ,
71 ,MD-WV ,88.19 ,39.645 ,78.776 ,24 ,54 ,
71 ,MD-WV ,96.57 ,39.544 ,78.687 ,24 ,54 ,
71 ,MD-WV ,108.38 ,39.516 ,78.468 ,24 ,54 ,
71 ,MD-WV ,116.11 ,39.624 ,78.428 ,24 ,54 ,
71 ,MD-WV ,130.47 ,39.696 ,78.174 ,24 ,54 ,
71 ,MD-WV ,149.66 ,39.603 ,77.834 ,24 ,54 ,
71 ,MD-WV ,154.15 ,39.552 ,77.887 ,24 ,54 ,
71 ,MD-WV ,161.71 ,39.496 ,77.766 ,24 ,54 ,
71 ,MD-WV ,174.02 ,39.321 ,77.719 ,24 ,54 ,
72 ,ME-NH ,0 ,45.305 ,71.084 ,23 ,33 ,
72 ,ME-NH ,132.29 ,43.39 ,70.988 ,23 ,33 ,
72 ,ME-NH ,137.59 ,43.328 ,70.926 ,23 ,33 ,
72 ,ME-NH ,138.66 ,43.316 ,70.912 ,23 ,33 ,
72 ,ME-NH ,159.31 ,43.058 ,70.704 ,23 ,33 ,
73 ,MI-OH ,0 ,41.733 ,83.454 ,26 ,39 ,
73 ,MI-OH ,69.71 ,41.696 ,84.806 ,26 ,39 ,
74 ,MI-WI ,0 ,46.566 ,90.417 ,26 ,55 ,
74 ,MI-WI ,29.68 ,46.3 ,89.929 ,26 ,55 ,
74 ,MI-WI ,36.09 ,46.272 ,89.8 ,26 ,55 ,
74 ,MI-WI ,121.06 ,45.921 ,88.103 ,26 ,55 ,
74 ,MI-WI ,128.85 ,45.81 ,88.131 ,26 ,55 ,
74 ,MI-WI ,147.69 ,45.685 ,87.783 ,26 ,55 ,
74 ,MI-WI ,171.1 ,45.353 ,87.884 ,26 ,55 ,
74 ,MI-WI ,182.05 ,45.369 ,87.66 ,26 ,55 ,
74 ,MI-WI ,195.94 ,45.175 ,87.735 ,26 ,55 ,
74 ,MI-WI ,205.06 ,45.096 ,87.585 ,26 ,55 ,
75 ,MN-ND ,0 ,45.935 ,96.562 ,27 ,38 ,
75 ,MN-ND ,26.34 ,46.316 ,96.596 ,27 ,38 ,
75 ,MN-ND ,54.9 ,46.709 ,96.788 ,27 ,38 ,
75 ,MN-ND ,55.7 ,46.72 ,96.785 ,27 ,38 ,
75 ,MN-ND ,116.35 ,47.598 ,96.851 ,27 ,38 ,
75 ,MN-ND ,156.35 ,48.143 ,97.146 ,27 ,38 ,
75 ,MN-ND ,185.32 ,48.563 ,97.174 ,27 ,38 ,
75 ,MN-ND ,194.61 ,48.686 ,97.094 ,27 ,38 ,
75 ,MN-ND ,217.12 ,49 ,97.229 ,27 ,38 ,
76 ,MN-SD ,0 ,43.5 ,96.453 ,27 ,46 ,
76 ,MN-SD ,124.3 ,45.301 ,96.453 ,27 ,46 ,
76 ,MN-SD ,152.95 ,45.606 ,96.857 ,27 ,46 ,
76 ,MN-SD ,172.5 ,45.817 ,96.585 ,27 ,46 ,
76 ,MN-SD ,180.76 ,45.935 ,96.562 ,27 ,46 ,
77 ,MN-WI ,0 ,46.711 ,92.007 ,27 ,55 ,
77 ,MN-WI ,13.87 ,46.664 ,92.291 ,27 ,55 ,
77 ,MN-WI ,54.59 ,46.074 ,92.293 ,27 ,55 ,
77 ,MN-WI ,78.33 ,45.891 ,92.712 ,27 ,55 ,
77 ,MN-WI ,93.16 ,45.707 ,92.87 ,27 ,55 ,
77 ,MN-WI ,102.35 ,45.574 ,92.882 ,27 ,55 ,
77 ,MN-WI ,117.13 ,45.438 ,92.645 ,27 ,55 ,
77 ,MN-WI ,128.89 ,45.289 ,92.761 ,27 ,55 ,
77 ,MN-WI ,166.05 ,44.751 ,92.808 ,27 ,55 ,
77 ,MN-WI ,183.92 ,44.569 ,92.549 ,27 ,55 ,
77 ,MN-WI ,216.07 ,44.363 ,91.965 ,27 ,55 ,
77 ,MN-WI ,228.15 ,44.2 ,91.875 ,27 ,55 ,
77 ,MN-WI ,254.27 ,43.996 ,91.431 ,27 ,55 ,
77 ,MN-WI ,272.08 ,43.776 ,91.245 ,27 ,55 ,
77 ,MN-WI ,291.15 ,43.501 ,91.217 ,27 ,55 ,
78 ,MO-NE ,0 ,40.585 ,95.765 ,29 ,31 ,
78 ,MO-NE ,6.77 ,40.538 ,95.652 ,29 ,31 ,
78 ,MO-NE ,22.43 ,40.311 ,95.656 ,29 ,31 ,
78 ,MO-NE ,33.03 ,40.242 ,95.477 ,29 ,31 ,
78 ,MO-NE ,47.32 ,40.041 ,95.415 ,29 ,31 ,
78 ,MO-NE ,53.64 ,40 ,95.307 ,29 ,31 ,
79 ,MO-OK ,0 ,36.998 ,94.618 ,29 ,40 ,
79 ,MO-OK ,34.43 ,36.499 ,94.617 ,29 ,40 ,
80 ,MO-TN ,0 ,36.001 ,89.733 ,29 ,47 ,
80 ,MO-TN ,12.11 ,36.134 ,89.592 ,29 ,47 ,
80 ,MO-TN ,22.06 ,36.25 ,89.698 ,29 ,47 ,
80 ,MO-TN ,31.05 ,36.25 ,89.537 ,29 ,47 ,
80 ,MO-TN ,37.87 ,36.323 ,89.62 ,29 ,47 ,
80 ,MO-TN ,44.19 ,36.356 ,89.514 ,29 ,47 ,
80 ,MO-TN ,54.09 ,36.498 ,89.539 ,29 ,47 ,
80 ,MO-TN ,57.08 ,36.497 ,89.485 ,29 ,47 ,
80 ,MO-TN ,60.86 ,36.499 ,89.417 ,29 ,47 ,
81 ,MS-TN ,0 ,34.995 ,90.308 ,28 ,47 ,
81 ,MS-TN ,119.18 ,34.995 ,88.2 ,28 ,47 ,
82 ,MT-ND ,0 ,45.944 ,104.045 ,30 ,38 ,
82 ,MT-ND ,210.84 ,49 ,104.047 ,30 ,38 ,
83 ,MT-SD ,0 ,45.944 ,104.045 ,30 ,46 ,
83 ,MT-SD ,65.31 ,44.998 ,104.057 ,30 ,46 ,
84 ,MT-WY ,0 ,44.475 ,111.052 ,30 ,56 ,
84 ,MT-WY ,36.25 ,45.001 ,111.054 ,30 ,56 ,
84 ,MT-WY ,377.65 ,44.998 ,104.057 ,30 ,56 ,
85 ,NC-SC ,0 ,35 ,83.108 ,37 ,45 ,
85 ,NC-SC ,42.9 ,35.215 ,82.394 ,37 ,45 ,
85 ,NC-SC ,119.88 ,35.149 ,81.032 ,37 ,45 ,
85 ,NC-SC ,126.94 ,35.047 ,81.043 ,37 ,45 ,
85 ,NC-SC ,134.28 ,35.107 ,80.935 ,37 ,45 ,
85 ,NC-SC ,148.98 ,34.935 ,80.782 ,37 ,45 ,
85 ,NC-SC ,157.01 ,34.819 ,80.797 ,37 ,45 ,
85 ,NC-SC ,220.61 ,34.804 ,79.675 ,37 ,45 ,
85 ,NC-SC ,312.22 ,33.856 ,78.556 ,37 ,45 ,
86 ,NC-TN ,0 ,36.588 ,81.677 ,37 ,47 ,
86 ,NC-TN ,17.35 ,36.338 ,81.706 ,37 ,47 ,
86 ,NC-TN ,28.84 ,36.301 ,81.908 ,37 ,47 ,
86 ,NC-TN ,43.14 ,36.12 ,82.033 ,37 ,47 ,
86 ,NC-TN ,61.03 ,36.116 ,82.354 ,37 ,47 ,
86 ,NC-TN ,77.08 ,35.955 ,82.561 ,37 ,47 ,
86 ,NC-TN ,85.79 ,36.065 ,82.638 ,37 ,47 ,
86 ,NC-TN ,102.53 ,35.944 ,82.898 ,37 ,47 ,
86 ,NC-TN ,115.49 ,35.773 ,82.993 ,37 ,47 ,
86 ,NC-TN ,147.43 ,35.562 ,83.499 ,37 ,47 ,
86 ,NC-TN ,169.08 ,35.518 ,83.881 ,37 ,47 ,
86 ,NC-TN ,188.32 ,35.274 ,84.046 ,37 ,47 ,
86 ,NC-TN ,202.47 ,35.225 ,84.29 ,37 ,47 ,
86 ,NC-TN ,218.94 ,34.988 ,84.322 ,37 ,47 ,
87 ,NC-VA ,0 ,36.588 ,81.677 ,37 ,51 ,
87 ,NC-VA ,140.81 ,36.542 ,79.138 ,37 ,51 ,
87 ,NC-VA ,153.07 ,36.542 ,78.917 ,37 ,51 ,
87 ,NC-VA ,305.83 ,36.55 ,76.161 ,37 ,51 ,
87 ,NC-VA ,306.09 ,36.55 ,76.156 ,37 ,51 ,
87 ,NC-VA ,312.79 ,36.55 ,76.035 ,37 ,51 ,
87 ,NC-VA ,314.41 ,36.55 ,76.006 ,37 ,51 ,
87 ,NC-VA ,315.42 ,36.55 ,75.988 ,37 ,51 ,
87 ,NC-VA ,320.63 ,36.55 ,75.894 ,37 ,51 ,
87 ,NC-VA ,321.17 ,36.55 ,75.884 ,37 ,51 ,
87 ,NC-VA ,325.68 ,36.55 ,75.966 ,37 ,51 ,
87 ,NC-VA ,327.68 ,36.55 ,75.929 ,37 ,51 ,
88 ,ND-SD ,0 ,45.935 ,96.562 ,38 ,46 ,
88 ,ND-SD ,359 ,45.944 ,104.045 ,38 ,46 ,
89 ,NE-SD ,0 ,43.002 ,104.056 ,31 ,46 ,
89 ,NE-SD ,280.44 ,42.998 ,98.499 ,31 ,46 ,
89 ,NE-SD ,309.95 ,42.762 ,98.013 ,31 ,46 ,
89 ,NE-SD ,319.61 ,42.858 ,97.874 ,31 ,46 ,
89 ,NE-SD ,352.1 ,42.851 ,97.232 ,31 ,46 ,
89 ,NE-SD ,399.41 ,42.489 ,96.443 ,31 ,46 ,
90 ,NE-WY ,0 ,41.001 ,104.053 ,31 ,56 ,
90 ,NE-WY ,138.01 ,43.002 ,104.056 ,31 ,56 ,
91 ,NH-VT ,0 ,45.013 ,71.502 ,33 ,50 ,
91 ,NH-VT ,19.12 ,44.752 ,71.632 ,33 ,50 ,
91 ,NH-VT ,31.4 ,44.588 ,71.535 ,33 ,50 ,
91 ,NH-VT ,37.5 ,44.506 ,71.58 ,33 ,50 ,
91 ,NH-VT ,63.3 ,44.319 ,72.032 ,33 ,50 ,
91 ,NH-VT ,79.7 ,44.081 ,72.033 ,33 ,50 ,
91 ,NH-VT ,118.76 ,43.574 ,72.38 ,33 ,50 ,
91 ,NH-VT ,158.15 ,43.005 ,72.445 ,33 ,50 ,
91 ,NH-VT ,168.88 ,42.872 ,72.555 ,33 ,50 ,
91 ,NH-VT ,180.04 ,42.727 ,72.459 ,33 ,50 ,
92 ,NJ-NY ,0 ,41.003 ,73.908 ,34 ,36 ,
92 ,NJ-NY ,5.96 ,40.917 ,73.918 ,34 ,36 ,
92 ,NJ-NY ,8.54 ,40.882 ,73.934 ,34 ,36 ,
92 ,NJ-NY ,28.81 ,40.644 ,74.161 ,34 ,36 ,
92 ,NJ-NY ,40.04 ,40.499 ,74.259 ,34 ,36 ,
92 ,NJ-NY ,103.4 ,41.357 ,74.695 ,34 ,36 ,
93 ,NJ-PA ,0 ,39.802 ,75.415 ,34 ,42 ,
93 ,NJ-PA ,4.79 ,39.844 ,75.343 ,34 ,42 ,
93 ,NJ-PA ,5.08 ,39.846 ,75.339 ,34 ,42 ,
93 ,NJ-PA ,15.56 ,39.884 ,75.147 ,34 ,42 ,
93 ,NJ-PA ,38.59 ,40.114 ,74.831 ,34 ,42 ,
93 ,NJ-PA ,38.95 ,40.119 ,74.829 ,34 ,42 ,
93 ,NJ-PA ,45.29 ,40.163 ,74.724 ,34 ,42 ,
93 ,NJ-PA ,69.3 ,40.412 ,75.044 ,34 ,42 ,
93 ,NJ-PA ,69.74 ,40.415 ,75.051 ,34 ,42 ,
93 ,NJ-PA ,78.36 ,40.54 ,75.068 ,34 ,42 ,
93 ,NJ-PA ,86.97 ,40.613 ,75.201 ,34 ,42 ,
93 ,NJ-PA ,96.42 ,40.75 ,75.197 ,34 ,42 ,
93 ,NJ-PA ,107.63 ,40.869 ,75.051 ,34 ,42 ,
93 ,NJ-PA ,116.74 ,40.986 ,75.132 ,34 ,42 ,
93 ,NJ-PA ,150.89 ,41.357 ,74.695 ,34 ,42 ,
94 ,NM-OK ,0 ,37 ,103.001 ,35 ,40 ,
94 ,NM-OK ,34.47 ,36.5 ,103.001 ,35 ,40 ,
95 ,NM-TX ,0 ,31.784 ,106.528 ,35 ,48 ,
95 ,NM-TX ,8.58 ,31.869 ,106.634 ,35 ,48 ,
95 ,NM-TX ,17.69 ,32 ,106.618 ,35 ,48 ,
95 ,NM-TX ,225.65 ,32 ,103.064 ,35 ,48 ,
95 ,NM-TX ,536.17 ,36.5 ,103.001 ,35 ,48 ,
96 ,NM-UT ,0 ,36.999 ,109.044 ,35 ,49 ,
97 ,NV-OR ,0 ,41.995 ,119.998 ,32 ,41 ,
97 ,NV-OR ,152.47 ,42.002 ,117.024 ,32 ,41 ,
98 ,NV-UT ,0 ,37 ,114.049 ,32 ,49 ,
98 ,NV-UT ,344.58 ,41.994 ,114.04 ,32 ,49 ,
99 ,NY-PA ,0 ,41.357 ,74.695 ,36 ,42 ,
99 ,NY-PA ,17.19 ,41.481 ,74.984 ,36 ,42 ,
99 ,NY-PA ,40.44 ,41.812 ,75.071 ,36 ,42 ,
99 ,NY-PA ,50.87 ,41.864 ,75.261 ,36 ,42 ,
99 ,NY-PA ,61.95 ,42.006 ,75.363 ,36 ,42 ,
99 ,NY-PA ,287.47 ,41.999 ,79.761 ,36 ,42 ,
99 ,NY-PA ,306.13 ,42.269 ,79.762 ,36 ,42 ,
100 ,NY-VT ,0 ,42.746 ,73.265 ,36 ,50 ,
100 ,NY-VT ,54.33 ,43.533 ,73.242 ,36 ,50 ,
100 ,NY-VT ,61.51 ,43.627 ,73.304 ,36 ,50 ,
100 ,NY-VT ,68.41 ,43.588 ,73.431 ,36 ,50 ,
100 ,NY-VT ,80.26 ,43.752 ,73.363 ,36 ,50 ,
101 ,OH-PA ,0 ,41.977 ,80.519 ,39 ,42 ,
101 ,OH-PA ,92.39 ,40.638 ,80.519 ,39 ,42 ,
102 ,OH-WV ,0 ,38.421 ,82.594 ,39 ,54 ,
102 ,OH-WV ,14.43 ,38.445 ,82.328 ,39 ,54 ,
102 ,OH-WV ,25.08 ,38.593 ,82.274 ,39 ,54 ,
102 ,OH-WV ,25.45 ,38.596 ,82.268 ,39 ,54 ,
102 ,OH-WV ,30.42 ,38.605 ,82.176 ,39 ,54 ,
102 ,OH-WV ,43.26 ,38.787 ,82.221 ,39 ,54 ,
102 ,OH-WV ,62.38 ,39.025 ,82.037 ,39 ,54 ,
102 ,OH-WV ,75.11 ,38.875 ,81.899 ,39 ,54 ,
102 ,OH-WV ,83.01 ,38.923 ,81.766 ,39 ,54 ,
102 ,OH-WV ,93.99 ,39.077 ,81.814 ,39 ,54 ,
102 ,OH-WV ,108.82 ,39.268 ,81.686 ,39 ,54 ,
102 ,OH-WV ,115 ,39.268 ,81.57 ,39 ,54 ,
102 ,OH-WV ,126.58 ,39.41 ,81.453 ,39 ,54 ,
102 ,OH-WV ,132.88 ,39.342 ,81.375 ,39 ,54 ,
102 ,OH-WV ,141.89 ,39.387 ,81.217 ,39 ,54 ,
102 ,OH-WV ,166.24 ,39.625 ,80.878 ,39 ,54 ,
102 ,OH-WV ,215.92 ,40.313 ,80.602 ,39 ,54 ,
102 ,OH-WV ,234.89 ,40.584 ,80.667 ,39 ,54 ,
102 ,OH-WV ,243.52 ,40.638 ,80.519 ,39 ,54 ,
103 ,OK-TX ,0 ,33.637 ,94.485 ,40 ,48 ,
103 ,OK-TX ,47.95 ,33.961 ,95.227 ,40 ,48 ,
103 ,OK-TX ,54.73 ,33.873 ,95.28 ,40 ,48 ,
103 ,OK-TX ,73.61 ,33.939 ,95.6 ,40 ,48 ,
103 ,OK-TX ,85.59 ,33.845 ,95.776 ,40 ,48 ,
103 ,OK-TX ,106.88 ,33.838 ,96.147 ,40 ,48 ,
103 ,OK-TX ,122.59 ,33.687 ,96.352 ,40 ,48 ,
103 ,OK-TX ,141.61 ,33.843 ,96.625 ,40 ,48 ,
103 ,OK-TX ,145.71 ,33.894 ,96.587 ,40 ,48 ,
103 ,OK-TX ,156.64 ,33.823 ,96.758 ,40 ,48 ,
103 ,OK-TX ,172.47 ,33.955 ,96.985 ,40 ,48 ,
103 ,OK-TX ,190.97 ,33.718 ,97.135 ,40 ,48 ,
103 ,OK-TX ,205.31 ,33.914 ,97.218 ,40 ,48 ,
103 ,OK-TX ,218.98 ,33.819 ,97.427 ,40 ,48 ,
103 ,OK-TX ,237.18 ,33.991 ,97.669 ,40 ,48 ,
103 ,OK-TX ,250.69 ,33.856 ,97.84 ,40 ,48 ,
103 ,OK-TX ,258.33 ,33.881 ,97.97 ,40 ,48 ,
103 ,OK-TX ,265.93 ,33.989 ,97.946 ,40 ,48 ,
103 ,OK-TX ,274.36 ,34.011 ,98.091 ,40 ,48 ,
103 ,OK-TX ,284.28 ,34.153 ,98.117 ,40 ,48 ,
103 ,OK-TX ,297.57 ,34.148 ,98.35 ,40 ,48 ,
103 ,OK-TX ,306.42 ,34.057 ,98.458 ,40 ,48 ,
103 ,OK-TX ,318.61 ,34.161 ,98.631 ,40 ,48 ,
103 ,OK-TX ,325.69 ,34.114 ,98.741 ,40 ,48 ,
103 ,OK-TX ,351.96 ,34.213 ,99.186 ,40 ,48 ,
103 ,OK-TX ,371.26 ,34.453 ,99.361 ,40 ,48 ,
103 ,OK-TX ,377.25 ,34.373 ,99.405 ,40 ,48 ,
103 ,OK-TX ,394.65 ,34.381 ,99.71 ,40 ,48 ,
103 ,OK-TX ,415.04 ,34.557 ,99.998 ,40 ,48 ,
103 ,OK-TX ,549.06 ,36.5 ,100.003 ,40 ,48 ,
103 ,OK-TX ,715.36 ,36.5 ,103.001 ,40 ,48 ,
104 ,OR-WA ,0 ,45.995 ,116.914 ,41 ,53 ,
104 ,OR-WA ,99.25 ,46 ,118.985 ,41 ,53 ,
104 ,OR-WA ,170.59 ,45.699 ,120.401 ,41 ,53 ,
104 ,OR-WA ,182.22 ,45.746 ,120.633 ,41 ,53 ,
104 ,OR-WA ,210.4 ,45.606 ,121.182 ,41 ,53 ,
104 ,OR-WA ,220.45 ,45.705 ,121.336 ,41 ,53 ,
104 ,OR-WA ,243.25 ,45.707 ,121.809 ,41 ,53 ,
104 ,OR-WA ,269.28 ,45.544 ,122.295 ,41 ,53 ,
104 ,OR-WA ,293.15 ,45.657 ,122.762 ,41 ,53 ,
104 ,OR-WA ,323.31 ,46.084 ,122.902 ,41 ,53 ,
104 ,OR-WA ,339.69 ,46.161 ,123.226 ,41 ,53 ,
104 ,OR-WA ,350.16 ,46.224 ,123.426 ,41 ,53 ,
104 ,OR-WA ,361.83 ,46.262 ,123.664 ,41 ,53 ,
104 ,OR-WA ,379.36 ,46.298 ,124.028 ,41 ,53 ,
104 ,OR-WA ,381.52 ,46.267 ,124.034 ,41 ,53 ,
104 ,OR-WA ,384.58 ,46.267 ,123.97 ,41 ,53 ,
104 ,OR-WA ,385.78 ,46.256 ,123.951 ,41 ,53 ,
105 ,PA-WV ,0 ,40.638 ,80.519 ,42 ,54 ,
105 ,PA-WV ,63.29 ,39.721 ,80.519 ,42 ,54 ,
105 ,PA-WV ,118.6 ,39.721 ,79.477 ,42 ,54 ,
106 ,SD-WY ,0 ,43.002 ,104.056 ,46 ,56 ,
106 ,SD-WY ,137.74 ,44.998 ,104.057 ,46 ,56 ,
107 ,TN-VA ,0 ,36.588 ,81.677 ,47 ,51 ,
107 ,TN-VA ,110.67 ,36.601 ,83.675 ,47 ,51 ,
108 ,UT-WY ,0 ,41 ,109.049 ,49 ,56 ,
108 ,UT-WY ,103.98 ,41 ,111.045 ,49 ,56 ,
108 ,UT-WY ,173.09 ,42.001 ,111.045 ,49 ,56 ,
109 ,VA-WV ,0 ,39.321 ,77.719 ,51 ,54 ,
109 ,VA-WV ,14.3 ,39.132 ,77.828 ,51 ,54 ,
109 ,VA-WV ,50.27 ,39.465 ,78.347 ,51 ,54 ,
109 ,VA-WV ,71.14 ,39.166 ,78.405 ,51 ,54 ,
109 ,VA-WV ,108.56 ,38.762 ,78.869 ,51 ,54 ,
109 ,VA-WV ,117.63 ,38.846 ,78.999 ,51 ,54 ,
109 ,VA-WV ,150.66 ,38.421 ,79.28 ,51 ,54 ,
109 ,VA-WV ,173.76 ,38.591 ,79.649 ,51 ,54 ,
109 ,VA-WV ,197.06 ,38.271 ,79.788 ,51 ,54 ,
109 ,VA-WV ,246.23 ,37.689 ,80.307 ,51 ,54 ,
109 ,VA-WV ,252.57 ,37.627 ,80.221 ,51 ,54 ,
109 ,VA-WV ,261.89 ,37.508 ,80.299 ,51 ,54 ,
109 ,VA-WV ,272.6 ,37.426 ,80.466 ,51 ,54 ,
109 ,VA-WV ,294.17 ,37.429 ,80.859 ,51 ,54 ,
109 ,VA-WV ,302.15 ,37.317 ,80.896 ,51 ,54 ,
109 ,VA-WV ,321.1 ,37.234 ,81.225 ,51 ,54 ,
109 ,VA-WV ,331.43 ,37.337 ,81.362 ,51 ,54 ,
109 ,VA-WV ,351.14 ,37.201 ,81.677 ,51 ,54 ,
109 ,VA-WV ,368.63 ,37.359 ,81.927 ,51 ,54 ,
109 ,VA-WV ,381.21 ,37.538 ,81.968 ,51 ,54 ,
